-- ==========================================
-- MENTIS SEED DATA SCRIPT (DEVELOPMENT)
-- ==========================================
-- Run this in your Supabase SQL Editor.
-- It populates auth.users, public.users, debates, messages, and interactions
-- with realistic data to make the app feel alive.

-- WARNING: This script does not delete existing data to avoid accidental loss.
-- It uses DO blocks to insert if not exists.

DO $$
DECLARE
    u_nietzsche UUID := '11111111-1111-1111-1111-111111111111';
    u_platon UUID := '22222222-2222-2222-2222-222222222222';
    u_camus UUID := '33333333-3333-3333-3333-333333333333';
    u_zeynep UUID := '44444444-4444-4444-4444-444444444444';
    u_curie UUID := '55555555-5555-5555-5555-555555555555';
    
    d_sanat UUID := 'aaaaaaaa-aaaa-aaaa-aaaa-aaaaaaaaaaaa';
    d_yapay UUID := 'bbbbbbbb-bbbb-bbbb-bbbb-bbbbbbbbbbbb';
    d_stoa  UUID := 'cccccccc-cccc-cccc-cccc-cccccccccccc';
BEGIN

    -- ==========================================
    -- 1. SEED AUTH USERS
    -- ==========================================
    -- Insert into auth.users (this fires the handle_new_user trigger)
    -- We use a dummy encrypted password and confirmed email.
    
    INSERT INTO auth.users (id, instance_id, aud, role, email, encrypted_password, email_confirmed_at, raw_app_meta_data, raw_user_meta_data, created_at, updated_at)
    VALUES 
    (u_nietzsche, '00000000-0000-0000-0000-000000000000', 'authenticated', 'authenticated', 'nietzsche@mentis.app', crypt('password123', gen_salt('bf')), now(), '{"provider":"email","providers":["email"]}', '{"username":"nietzsche", "full_name":"Friedrich Nietzsche"}', now(), now()),
    (u_platon, '00000000-0000-0000-0000-000000000000', 'authenticated', 'authenticated', 'platon@mentis.app', crypt('password123', gen_salt('bf')), now(), '{"provider":"email","providers":["email"]}', '{"username":"platon", "full_name":"Platon"}', now(), now()),
    (u_camus, '00000000-0000-0000-0000-000000000000', 'authenticated', 'authenticated', 'camus@mentis.app', crypt('password123', gen_salt('bf')), now(), '{"provider":"email","providers":["email"]}', '{"username":"camus", "full_name":"Albert Camus"}', now(), now()),
    (u_zeynep, '00000000-0000-0000-0000-000000000000', 'authenticated', 'authenticated', 'zeynep@mentis.app', crypt('password123', gen_salt('bf')), now(), '{"provider":"email","providers":["email"]}', '{"username":"zeynep", "full_name":"Zeynep A."}', now(), now()),
    (u_curie, '00000000-0000-0000-0000-000000000000', 'authenticated', 'authenticated', 'marie@mentis.app', crypt('password123', gen_salt('bf')), now(), '{"provider":"email","providers":["email"]}', '{"username":"marie_curie", "full_name":"Marie Curie"}', now(), now())
    ON CONFLICT (id) DO NOTHING;

    -- ==========================================
    -- 2. ENHANCE PUBLIC USERS
    -- ==========================================
    -- Update the public profiles generated by the trigger to have realistic data
    UPDATE public.users SET bio = 'Amor Fati. Üstinsan olma yolunda.', level = 42, xp = 4250, is_premium = true WHERE id = u_nietzsche;
    UPDATE public.users SET bio = 'Mağara alegorisi üzerine düşünceler.', level = 35, xp = 3500, is_premium = true WHERE id = u_platon;
    UPDATE public.users SET bio = 'Absürdün kabulü.', level = 28, xp = 2800 WHERE id = u_camus;
    UPDATE public.users SET bio = 'Modern sanat ve felsefe meraklısı.', level = 15, xp = 1500 WHERE id = u_zeynep;
    UPDATE public.users SET bio = 'Bilim ve rasyonalite her şeydir.', level = 39, xp = 3900, is_premium = true WHERE id = u_curie;

    -- ==========================================
    -- 3. SEED DEBATES (POSTS)
    -- ==========================================
    INSERT INTO public.posts (id, author_id, type, payload, created_at)
    VALUES 
    (d_sanat, u_camus, 'debate', '{"title": "Sanat toplum için midir, sanat için mi?", "description": "Sanatın nihai amacı toplumsal bir fayda sağlamak mıdır, yoksa sadece estetik bir dışavurum mudur?", "side_a": "Toplum İçin", "side_b": "Sanat İçin", "category": "Sanat"}', now() - interval '2 hours'),
    (d_yapay, u_curie, 'debate', '{"title": "Yapay zeka gerçek sanat üretebilir mi?", "description": "Algoritmalar insan duygusunu ve bilincini taklit edip özgün sanat eserleri ortaya koyabilir mi?", "side_a": "Üretebilir", "side_b": "Üretemez", "category": "Teknoloji"}', now() - interval '1 day'),
    (d_stoa, u_nietzsche, 'debate', '{"title": "Stoacılık modern dünyada mutluluk getirir mi?", "description": "Duyguları bastırmak veya kontrol etmek modern insanın psikolojisine uygun mu?", "side_a": "Evet, Getirir", "side_b": "Hayır, Getirmez", "category": "Felsefe"}', now() - interval '3 days')
    ON CONFLICT (id) DO NOTHING;

    -- ==========================================
    -- 4. SEED ROOM MEMBERS
    -- ==========================================
    INSERT INTO public.room_members (room_id, user_id) VALUES
    (d_sanat, u_camus), (d_sanat, u_zeynep), (d_sanat, u_nietzsche),
    (d_yapay, u_curie), (d_yapay, u_platon), (d_yapay, u_zeynep),
    (d_stoa, u_nietzsche), (d_stoa, u_camus)
    ON CONFLICT DO NOTHING;

    -- ==========================================
    -- 5. SEED DEBATE VOTES & INTERACTIONS
    -- ==========================================
    -- Debate Votes
    INSERT INTO public.debate_votes (post_id, user_id, selected_option) VALUES
    (d_sanat, u_zeynep, 'A'), (d_sanat, u_nietzsche, 'B'),
    (d_yapay, u_platon, 'B'), (d_yapay, u_zeynep, 'A'), (d_yapay, u_camus, 'B'),
    (d_stoa, u_camus, 'B')
    ON CONFLICT DO NOTHING;

    -- Interactions (Likes) for the debates to make them 'trending'
    INSERT INTO public.post_interactions (post_id, user_id, type) VALUES
    (d_sanat, u_zeynep, 'like'), (d_sanat, u_nietzsche, 'like'), (d_sanat, u_platon, 'like'), (d_sanat, u_curie, 'like'),
    (d_yapay, u_zeynep, 'like'), (d_yapay, u_camus, 'like'),
    (d_stoa, u_camus, 'like')
    ON CONFLICT DO NOTHING;

    -- ==========================================
    -- 6. SEED DEBATE MESSAGES
    -- ==========================================
    INSERT INTO public.debate_messages (debate_id, user_id, message, upvotes, created_at) VALUES
    (d_sanat, u_zeynep, 'Sanatın toplumdan bağımsız düşünülemeyeceğine inanıyorum, her eser doğduğu dönemin aynasıdır.', 12, now() - interval '1 hour'),
    (d_sanat, u_nietzsche, 'Hayır, sanat sadece yaratıcısının iradesinin dışavurumudur. Toplum ona sonradan anlam yükler.', 24, now() - interval '45 minutes'),
    (d_yapay, u_platon, 'Yapay zeka sadece var olanın taklididir. İdealar dünyasına erişimi olmayan bir makine gerçek sanatı yaratamaz.', 45, now() - interval '12 hours'),
    (d_yapay, u_curie, 'Ama insan beyni de veri işleyen karmaşık bir makine değil mi? Neden organik olmayan bir ağ yaratıcılığa sahip olmasın?', 38, now() - interval '11 hours')
    ON CONFLICT DO NOTHING;

END $$;
